month,time
1,40.92585711324331
2,72.99311820129705
3,84.50195322364125
4,80.78998291358145
5,95.87121351885293
6,114.00483237163807
7,110.3304966977105
8,126.22051778746145
9,176.1216689278143
