,month,time
0,1,40.92585711324331
1,2,72.99311820129705
2,3,84.50195322364125
3,4,80.78998291358145
4,5,95.87121351885293
5,6,114.00483237163807
6,7,110.3304966977105
7,8,126.22051778746145
8,9,176.1216689278143
